{
  "providers": {
    "awscloudformation": {
      "AuthRoleName": "amplify-awstrivusupload-dev-192918-authRole",
      "UnauthRoleArn": "arn:aws:iam::261507160487:role/amplify-awstrivusupload-dev-192918-unauthRole",
      "AuthRoleArn": "arn:aws:iam::261507160487:role/amplify-awstrivusupload-dev-192918-authRole",
      "Region": "us-east-1",
      "DeploymentBucketName": "amplify-awstrivusupload-dev-192918-deployment",
      "UnauthRoleName": "amplify-awstrivusupload-dev-192918-unauthRole",
      "StackName": "amplify-awstrivusupload-dev-192918",
      "StackId": "arn:aws:cloudformation:us-east-1:261507160487:stack/amplify-awstrivusupload-dev-192918/1a10e390-28dd-11eb-aa4d-12da3ecd6186",
      "AmplifyAppId": "d2lv2dioo24fq"
    }
  },
  "auth": {
    "awstrivusupload349988a6": {
      "service": "Cognito",
      "serviceType": "imported",
      "providerPlugin": "awscloudformation",
      "dependsOn": [],
      "customAuth": false,
      "output": {
        "UserPoolId": "us-east-1_xURGaUxkx",
        "UserPoolName": "awsuploadpool",
        "AppClientID": "1lh9g69tan2uifnq9hsqssqere",
        "AppClientSecret": "1ev1du5t91bbpa90kr84o1pike3mugvrtb0a111picrrcfl8j298",
        "AppClientIDWeb": "1gqmvf15e1ljdu60go2udsu492",
        "IdentityPoolId": "us-east-1:979574ee-3738-486d-8364-efaa2a5067fa",
        "IdentityPoolName": "awsidentity"
      },
      "lastPushTimeStamp": "2020-11-17T15:05:11.812Z"
    }
  }
}